Category,DisplayProduct,Supplier,SupplierProduct,Description,image url
PPE,N95RES-S,KC,46827,"KIMBERLY-CLARK FLUIDSHIELD N95 PARTICULATE FILTER RESPIRATOR AND SURGICAL MASK (46827), ORANGE, SMALL, 35 MASKS / BOX, 6 BOXES / CASE, 210 UNITS",https://www.na.kccustomerportal.com/documents/WEM/US/ProductImages/46827.MAIN.jpg
PPE,N95RES-S,KC,46867,"KIMBERLY-CLARK FLUIDSHIELD N95 PARTICULATE FILTER RESPIRATOR AND SURGICAL MASK (46867), SAFETY SEAL FILM, ORANGE, SMALL, 35 MASKS / BOX, 6 BOXES / CASE, 210 UNITS",https://www.na.kccustomerportal.com/documents/WEM/US/ProductImages/46867.MAIN.jpg
PPE,N95RES-S,KC,46828,"Particulate Respirator / Surgical Mask FluidShield Medical N95 Flat Fold Earloops Small Orange NonSterile (46828)",https://www.na.kccustomerportal.com/documents/WEM/US/ProductImages/46828.MAIN.jpg
PPE,N95RES-S,KC,62355,"KIMBERLY-CLARK* PFR95* N95 PARTICULATE FILTER RESPIRATOR AND SURGICAL MASK, POUCH STYLE (62355)",https://www.na.kccustomerportal.com/documents/WEM/US/ProductImages/62355.MAIN.jpg
PPE,N95RES-S,KC,62126,"KIMBERLY-CLARK FLUIDSHIELD N95 PARTICULATE FILTER RESPIRATOR AND SURGICAL MASK (62126), WHITE, REGULAR SIZE, 50 MASKS / BOX, 6 BOXES / CASE, 300 UNITS",https://www.na.kccustomerportal.com/documents/WEM/US/ProductImages/62126.MAIN.jpg
PPE,N95RES-S,KC,47424,"Kimberly-Clark FLUIDSHIELD Particulate Respirator- 47424",https://www.na.kccustomerportal.com/documents/WEM/US/ProductImages/62126.MAIN.jpg
PPE,N95RES-S,3M,8110S,"3M™ Particulate Respirator 8110S, N95 160 EA/Case. 3M Product Number 8110S, 3M ID 70070757078, UPC 50051138543056",https://multimedia.3m.com/mws/media/735027P/3mtm-particulate-respirator-8110s-n95.jpg
PPE,N95RES-S,3M,8210,"3M™ Particulate Respirator 8210, N95 160 EA/Case. Part Number 46457, 3M Product Number 8210, 3M ID 70070614394, UPC 50051138464573",https://multimedia.3m.com/mws/media/735027P/3mtm-particulate-respirator-8110s-n95.jpg
PPE,N95RES-S,3M,8511CN,"3M™ Particulate Respirator 8511, N95 80 EA/Case. Part Number 54343, 3M Product Number 8511, 3M ID 70070757557, UPC 50051138543438",https://multimedia.3m.com/mws/media/735025P/3mtm-particulate-respirator-8511-n95.jpg
PPE,N95RES-S,3M,8514,"3M™ Particulate Respirator 8514, N95, with Nuisance Level Organic Vapor Relief 80 EA/Case. 3M Product Number 8514, 3M ID 70070843886, UPC 50051138662993. This product replaces  3M ID  70070843878",https://multimedia.3m.com/mws/media/808094P/3m-particulate-respirator-8514-n95-with-nuisance-ov.jpg
PPE,N95RES-S,3M,9211,"3M™ Aura™ Particulate Respirator 9211+/37193(AAD), N95 120 EA/Case. Part Number 37193, 3M Product Number 9211+, 3M ID XA010017557, UPC 58887719997169",https://multimedia.3m.com/mws/media/811728P/3mtm-auratm-particulate-respirator-9211-plus-n95.jpg
PPE,N95RES-S,CVS,399575,"CVS Health Procedural Face Masks With Earloops",https://www.cvs.com/bizcontent/merchandising/productimages/large/5042807212_2.jpg
PPE,N95RES-S,CVS,58887719997169,"3M™ Aura™ Particulate Respirator 9211",https://multimedia.3m.com/mws/media/811728P/3mtm-auratm-particulate-respirator-9211-plus-n95.jpg
